windspeed,type,mean,min,max,sample_001,sample_002,sample_003,sample_004,sample_005,sample_006,sample_007,sample_008,sample_009,sample_010,sample_011,sample_012,sample_013,sample_014,sample_015,sample_016,sample_017,sample_018,sample_019,sample_020,sample_021,sample_022,sample_023,sample_024,sample_025,sample_026,sample_027,sample_028,sample_029,sample_030,sample_031,sample_032,sample_033,sample_034,sample_035,sample_036,sample_037,sample_038,sample_039,sample_040,sample_041,sample_042,sample_043,sample_044,sample_045,sample_046,sample_047,sample_048,sample_049,sample_050,sample_051,sample_052,sample_053,sample_054,sample_055,sample_056,sample_057,sample_058,sample_059,sample_060,sample_061,sample_062,sample_063,sample_064,sample_065,sample_066,sample_067,sample_068,sample_069,sample_070,sample_071,sample_072,sample_073,sample_074,sample_075,sample_076,sample_077,sample_078,sample_079,sample_080,sample_081,sample_082,sample_083,sample_084,sample_085,sample_086,sample_087,sample_088,sample_089,sample_090,sample_091,sample_092,sample_093,sample_094,sample_095,sample_096,sample_097,sample_098,sample_099,sample_100
12.8611,CVD,1.0466,1.038,1.0575,1.038,1.0381737373737374,1.0383474747474748,1.0385212121212122,1.0386949494949496,1.038868686868687,1.0390424242424243,1.0392161616161617,1.039389898989899,1.0395636363636365,1.0397373737373738,1.0399111111111112,1.0400848484848486,1.0402585858585858,1.0404323232323232,1.0406060606060605,1.040779797979798,1.0409535353535353,1.0411272727272727,1.04130101010101,1.0414747474747474,1.0416484848484848,1.0418222222222222,1.0419959595959596,1.042169696969697,1.0423434343434343,1.0425171717171717,1.0426909090909091,1.0428646464646465,1.0430383838383839,1.0432121212121213,1.0433858585858586,1.043559595959596,1.0437333333333334,1.0439070707070708,1.0440808080808082,1.0442545454545455,1.044428282828283,1.04460202020202,1.0447757575757575,1.0449494949494949,1.0451232323232322,1.0452969696969696,1.045470707070707,1.0456444444444444,1.0458181818181818,1.0459919191919191,1.0461656565656565,1.046339393939394,1.0465131313131313,1.046710101010101,1.046930303030303,1.047150505050505,1.047370707070707,1.047590909090909,1.047811111111111,1.048031313131313,1.048251515151515,1.0484717171717173,1.0486919191919193,1.0489121212121213,1.0491323232323233,1.0493525252525253,1.0495727272727273,1.0497929292929293,1.0500131313131313,1.0502333333333334,1.0504535353535354,1.0506737373737374,1.0508939393939394,1.0511141414141414,1.0513343434343434,1.0515545454545454,1.0517747474747474,1.0519949494949494,1.0522151515151517,1.0524353535353537,1.0526555555555557,1.0528757575757577,1.0530959595959597,1.0533161616161617,1.0535363636363637,1.0537565656565657,1.0539767676767677,1.0541969696969697,1.0544171717171718,1.0546373737373738,1.0548575757575758,1.0550777777777778,1.0552979797979798,1.0555181818181818,1.055738383838384,1.055958585858586,1.056178787878788,1.05639898989899,1.056619191919192,1.056839393939394,1.057059595959596,1.057279797979798,1.0575
15.43332,CVD,1.0466,1.0388,1.0563,1.0388,1.0389575757575757,1.0391151515151515,1.0392727272727271,1.039430303030303,1.0395878787878787,1.0397454545454545,1.0399030303030303,1.040060606060606,1.0402181818181817,1.0403757575757575,1.0405333333333333,1.040690909090909,1.040848484848485,1.0410060606060605,1.0411636363636363,1.041321212121212,1.041478787878788,1.0416363636363637,1.0417939393939393,1.041951515151515,1.0421090909090909,1.0422666666666667,1.0424242424242425,1.042581818181818,1.0427393939393939,1.0428969696969697,1.0430545454545455,1.0432121212121213,1.0433696969696968,1.0435272727272726,1.0436848484848484,1.0438424242424242,1.044,1.0441575757575756,1.0443151515151514,1.0444727272727272,1.044630303030303,1.0447878787878788,1.0449454545454546,1.0451030303030302,1.045260606060606,1.0454181818181818,1.0455757575757576,1.0457333333333334,1.045890909090909,1.0460484848484848,1.0462060606060606,1.0463636363636364,1.0465212121212122,1.0466979797979798,1.0468939393939394,1.047089898989899,1.0472858585858587,1.0474818181818182,1.0476777777777777,1.0478737373737375,1.048069696969697,1.0482656565656565,1.048461616161616,1.0486575757575758,1.0488535353535353,1.0490494949494948,1.0492454545454546,1.0494414141414141,1.0496373737373736,1.0498333333333334,1.050029292929293,1.0502252525252525,1.0504212121212122,1.0506171717171717,1.0508131313131313,1.051009090909091,1.0512050505050505,1.05140101010101,1.0515969696969696,1.0517929292929293,1.0519888888888889,1.0521848484848484,1.0523808080808081,1.0525767676767677,1.0527727272727272,1.052968686868687,1.0531646464646465,1.053360606060606,1.0535565656565657,1.0537525252525253,1.0539484848484848,1.0541444444444446,1.054340404040404,1.0545363636363636,1.0547323232323231,1.0549282828282829,1.0551242424242424,1.055320202020202,1.0555161616161617,1.0557121212121212,1.0559080808080807,1.0561040404040405,1.0563
18.00554,CVD,1.0468,1.0391,1.0556,1.0391,1.0392555555555554,1.039411111111111,1.0395666666666665,1.0397222222222222,1.0398777777777777,1.0400333333333331,1.0401888888888888,1.0403444444444443,1.0405,1.0406555555555554,1.0408111111111111,1.0409666666666666,1.041122222222222,1.0412777777777777,1.0414333333333332,1.041588888888889,1.0417444444444444,1.0418999999999998,1.0420555555555555,1.042211111111111,1.0423666666666667,1.0425222222222221,1.0426777777777778,1.0428333333333333,1.0429888888888887,1.0431444444444444,1.0433,1.0434555555555556,1.043611111111111,1.0437666666666665,1.0439222222222222,1.0440777777777777,1.0442333333333333,1.0443888888888888,1.0445444444444443,1.0447,1.0448555555555554,1.0450111111111111,1.0451666666666666,1.0453222222222223,1.0454777777777777,1.0456333333333332,1.0457888888888889,1.0459444444444443,1.0461,1.0462555555555555,1.046411111111111,1.0465666666666666,1.046722222222222,1.0468888888888888,1.0470666666666666,1.0472444444444444,1.0474222222222223,1.0475999999999999,1.0477777777777777,1.0479555555555555,1.0481333333333334,1.0483111111111112,1.0484888888888888,1.0486666666666666,1.0488444444444445,1.0490222222222223,1.0492,1.0493777777777777,1.0495555555555556,1.0497333333333334,1.049911111111111,1.0500888888888888,1.0502666666666667,1.0504444444444445,1.0506222222222223,1.0508,1.0509777777777778,1.0511555555555556,1.0513333333333335,1.051511111111111,1.051688888888889,1.0518666666666667,1.0520444444444446,1.0522222222222222,1.0524,1.0525777777777778,1.0527555555555557,1.0529333333333333,1.053111111111111,1.053288888888889,1.0534666666666668,1.0536444444444446,1.0538222222222222,1.054,1.0541777777777779,1.0543555555555557,1.0545333333333333,1.0547111111111112,1.054888888888889,1.0550666666666668,1.0552444444444444,1.0554222222222223,1.0556
20.57776,CVD,1.0474,1.0398,1.0569,1.0398,1.0399535353535354,1.0401070707070708,1.040260606060606,1.0404141414141415,1.0405676767676768,1.0407212121212122,1.0408747474747475,1.0410282828282829,1.0411818181818182,1.0413353535353536,1.041488888888889,1.0416424242424243,1.0417959595959596,1.041949494949495,1.0421030303030303,1.0422565656565657,1.042410101010101,1.0425636363636364,1.0427171717171717,1.042870707070707,1.0430242424242424,1.0431777777777778,1.043331313131313,1.0434848484848485,1.043638383838384,1.0437919191919194,1.0439454545454547,1.04409898989899,1.0442525252525254,1.0444060606060608,1.0445595959595961,1.0447131313131315,1.0448666666666668,1.0450202020202022,1.0451737373737375,1.0453272727272729,1.0454808080808082,1.0456343434343436,1.045787878787879,1.0459414141414143,1.0460949494949496,1.046248484848485,1.0464020202020203,1.0465555555555557,1.046709090909091,1.0468626262626264,1.0470161616161617,1.047169696969697,1.0473232323232324,1.0474959595959596,1.047687878787879,1.047879797979798,1.0480717171717173,1.0482636363636364,1.0484555555555557,1.0486474747474748,1.048839393939394,1.0490313131313131,1.0492232323232324,1.0494151515151515,1.0496070707070708,1.04979898989899,1.0499909090909092,1.0501828282828283,1.0503747474747476,1.0505666666666666,1.050758585858586,1.050950505050505,1.0511424242424243,1.0513343434343434,1.0515262626262627,1.0517181818181818,1.051910101010101,1.0521020202020201,1.0522939393939394,1.0524858585858585,1.0526777777777778,1.052869696969697,1.0530616161616162,1.0532535353535353,1.0534454545454546,1.0536373737373737,1.053829292929293,1.054021212121212,1.0542131313131313,1.0544050505050504,1.0545969696969697,1.0547888888888888,1.054980808080808,1.0551727272727272,1.0553646464646464,1.0555565656565655,1.0557484848484848,1.055940404040404,1.0561323232323232,1.0563242424242423,1.0565161616161616,1.0567080808080807,1.0569
23.14998,CVD,1.0483,1.0405,1.0586,1.0405,1.0406575757575758,1.0408151515151516,1.0409727272727272,1.041130303030303,1.0412878787878788,1.0414454545454546,1.0416030303030304,1.041760606060606,1.0419181818181817,1.0420757575757575,1.0422333333333333,1.0423909090909091,1.042548484848485,1.0427060606060605,1.0428636363636363,1.0430212121212121,1.043178787878788,1.0433363636363637,1.0434939393939393,1.043651515151515,1.043809090909091,1.0439666666666667,1.0441242424242425,1.044281818181818,1.044439393939394,1.0445969696969697,1.0447545454545455,1.0449121212121213,1.0450696969696969,1.0452272727272727,1.0453848484848485,1.0455424242424243,1.0457,1.0458575757575757,1.0460151515151515,1.0461727272727273,1.046330303030303,1.0464878787878789,1.0466454545454547,1.0468030303030302,1.046960606060606,1.0471181818181818,1.0472757575757576,1.0474333333333334,1.047590909090909,1.0477484848484848,1.0479060606060606,1.0480636363636364,1.0482212121212122,1.0484040404040404,1.0486121212121213,1.048820202020202,1.0490282828282829,1.0492363636363637,1.0494444444444444,1.0496525252525253,1.0498606060606062,1.0500686868686868,1.0502767676767677,1.0504848484848486,1.0506929292929292,1.0509010101010101,1.051109090909091,1.0513171717171717,1.0515252525252525,1.0517333333333334,1.051941414141414,1.052149494949495,1.0523575757575758,1.0525656565656565,1.0527737373737374,1.0529818181818182,1.053189898989899,1.0533979797979798,1.0536060606060607,1.0538141414141413,1.0540222222222222,1.054230303030303,1.0544383838383837,1.0546464646464646,1.0548545454545455,1.0550626262626261,1.055270707070707,1.055478787878788,1.0556868686868688,1.0558949494949494,1.0561030303030303,1.0563111111111112,1.0565191919191919,1.0567272727272727,1.0569353535353536,1.0571434343434343,1.0573515151515152,1.057559595959596,1.0577676767676767,1.0579757575757576,1.0581838383838384,1.058391919191919,1.0586
25.7222,CVD,1.0495,1.0412,1.0602,1.0412,1.0413676767676767,1.0415353535353535,1.0417030303030301,1.041870707070707,1.0420383838383838,1.0422060606060606,1.0423737373737374,1.042541414141414,1.0427090909090908,1.0428767676767676,1.0430444444444444,1.0432121212121213,1.0433797979797979,1.0435474747474747,1.0437151515151515,1.0438828282828283,1.0440505050505051,1.0442181818181817,1.0443858585858585,1.0445535353535353,1.0447212121212122,1.044888888888889,1.0450565656565656,1.0452242424242424,1.0453919191919192,1.045559595959596,1.0457272727272728,1.0458949494949494,1.0460626262626262,1.046230303030303,1.0463979797979799,1.0465656565656567,1.0467333333333333,1.04690101010101,1.047068686868687,1.0472363636363637,1.0474040404040406,1.0475717171717172,1.047739393939394,1.0479070707070708,1.0480747474747476,1.0482424242424244,1.048410101010101,1.0485777777777778,1.0487454545454546,1.0489131313131315,1.049080808080808,1.0492484848484849,1.0494161616161617,1.049608080808081,1.0498242424242425,1.050040404040404,1.0502565656565657,1.0504727272727274,1.050688888888889,1.0509050505050506,1.0511212121212121,1.051337373737374,1.0515535353535355,1.051769696969697,1.0519858585858586,1.0522020202020204,1.052418181818182,1.0526343434343435,1.052850505050505,1.0530666666666668,1.0532828282828284,1.05349898989899,1.0537151515151515,1.0539313131313133,1.0541474747474748,1.0543636363636364,1.054579797979798,1.0547959595959597,1.0550121212121213,1.0552282828282828,1.0554444444444444,1.0556606060606062,1.0558767676767677,1.0560929292929293,1.0563090909090909,1.0565252525252526,1.0567414141414142,1.0569575757575758,1.0571737373737373,1.057389898989899,1.0576060606060607,1.0578222222222222,1.0580383838383838,1.0582545454545456,1.0584707070707071,1.0586868686868687,1.0589030303030302,1.059119191919192,1.0593353535353536,1.0595515151515151,1.059767676767677,1.0599838383838385,1.0602
28.294420000000002,CVD,1.0513,1.0425,1.0618,1.0425,1.0426777777777778,1.0428555555555554,1.0430333333333333,1.043211111111111,1.043388888888889,1.0435666666666665,1.0437444444444444,1.0439222222222222,1.0441,1.0442777777777776,1.0444555555555555,1.0446333333333333,1.0448111111111111,1.0449888888888887,1.0451666666666666,1.0453444444444444,1.0455222222222222,1.0456999999999999,1.0458777777777777,1.0460555555555555,1.0462333333333333,1.046411111111111,1.0465888888888888,1.0467666666666666,1.0469444444444445,1.047122222222222,1.0473,1.0474777777777777,1.0476555555555556,1.0478333333333332,1.048011111111111,1.0481888888888888,1.0483666666666667,1.0485444444444443,1.0487222222222221,1.0489,1.0490777777777778,1.0492555555555554,1.0494333333333332,1.049611111111111,1.0497888888888889,1.0499666666666665,1.0501444444444443,1.0503222222222222,1.0505,1.0506777777777776,1.0508555555555554,1.0510333333333333,1.051211111111111,1.0514060606060605,1.0516181818181818,1.051830303030303,1.0520424242424242,1.0522545454545453,1.0524666666666667,1.0526787878787878,1.052890909090909,1.0531030303030302,1.0533151515151515,1.0535272727272726,1.053739393939394,1.053951515151515,1.0541636363636364,1.0543757575757575,1.0545878787878789,1.0548,1.055012121212121,1.0552242424242424,1.0554363636363635,1.0556484848484848,1.055860606060606,1.0560727272727273,1.0562848484848484,1.0564969696969697,1.0567090909090908,1.0569212121212122,1.0571333333333333,1.0573454545454546,1.0575575757575757,1.057769696969697,1.0579818181818181,1.0581939393939395,1.0584060606060606,1.058618181818182,1.058830303030303,1.0590424242424243,1.0592545454545454,1.0594666666666668,1.0596787878787879,1.0598909090909092,1.0601030303030303,1.0603151515151517,1.0605272727272728,1.060739393939394,1.0609515151515152,1.0611636363636365,1.0613757575757576,1.061587878787879,1.0618
30.86664,CVD,1.0533,1.0442,1.0634,1.0442,1.0443838383838384,1.0445676767676768,1.0447515151515152,1.0449353535353536,1.045119191919192,1.0453030303030304,1.0454868686868688,1.045670707070707,1.0458545454545454,1.0460383838383838,1.0462222222222222,1.0464060606060606,1.046589898989899,1.0467737373737374,1.0469575757575758,1.0471414141414142,1.0473252525252525,1.047509090909091,1.0476929292929293,1.0478767676767677,1.0480606060606061,1.0482444444444443,1.0484282828282827,1.048612121212121,1.0487959595959595,1.048979797979798,1.0491636363636363,1.0493474747474747,1.049531313131313,1.0497151515151515,1.0498989898989899,1.0500828282828283,1.0502666666666667,1.050450505050505,1.0506343434343435,1.0508181818181817,1.05100202020202,1.0511858585858584,1.0513696969696968,1.0515535353535352,1.0517373737373736,1.051921212121212,1.0521050505050504,1.0522888888888888,1.0524727272727272,1.0526565656565656,1.052840404040404,1.0530242424242424,1.0532080808080808,1.05340202020202,1.0536060606060604,1.0538101010101009,1.0540141414141413,1.0542181818181817,1.0544222222222221,1.0546262626262626,1.054830303030303,1.0550343434343434,1.0552383838383836,1.055442424242424,1.0556464646464645,1.055850505050505,1.0560545454545454,1.0562585858585858,1.0564626262626262,1.0566666666666666,1.056870707070707,1.0570747474747473,1.0572787878787877,1.0574828282828281,1.0576868686868686,1.057890909090909,1.0580949494949494,1.0582989898989899,1.0585030303030303,1.0587070707070707,1.058911111111111,1.0591151515151513,1.0593191919191918,1.0595232323232322,1.0597272727272726,1.059931313131313,1.0601353535353535,1.060339393939394,1.0605434343434343,1.0607474747474746,1.060951515151515,1.0611555555555554,1.0613595959595958,1.0615636363636363,1.0617676767676767,1.0619717171717171,1.0621757575757576,1.062379797979798,1.0625838383838382,1.0627878787878786,1.062991919191919,1.0631959595959595,1.0634
33.43886,CVD,1.0559,1.0463,1.0671,1.0463,1.0464939393939394,1.0466878787878788,1.0468818181818182,1.0470757575757577,1.047269696969697,1.0474636363636365,1.0476575757575757,1.047851515151515,1.0480454545454545,1.048239393939394,1.0484333333333333,1.0486272727272727,1.0488212121212122,1.0490151515151516,1.049209090909091,1.0494030303030304,1.0495969696969698,1.0497909090909092,1.0499848484848484,1.0501787878787878,1.0503727272727272,1.0505666666666666,1.050760606060606,1.0509545454545455,1.0511484848484849,1.0513424242424243,1.0515363636363637,1.0517303030303031,1.0519242424242425,1.052118181818182,1.0523121212121211,1.0525060606060606,1.0527,1.0528939393939394,1.0530878787878788,1.0532818181818182,1.0534757575757576,1.053669696969697,1.0538636363636364,1.0540575757575759,1.0542515151515153,1.0544454545454547,1.054639393939394,1.0548333333333333,1.0550272727272727,1.0552212121212121,1.0554151515151515,1.055609090909091,1.0558030303030304,1.0560131313131313,1.056239393939394,1.0564656565656567,1.0566919191919193,1.0569181818181819,1.0571444444444444,1.057370707070707,1.0575969696969698,1.0578232323232324,1.058049494949495,1.0582757575757575,1.0585020202020203,1.058728282828283,1.0589545454545455,1.059180808080808,1.0594070707070706,1.0596333333333334,1.059859595959596,1.0600858585858586,1.0603121212121212,1.060538383838384,1.0607646464646465,1.060990909090909,1.0612171717171717,1.0614434343434342,1.061669696969697,1.0618959595959596,1.0621222222222222,1.0623484848484848,1.0625747474747476,1.0628010101010101,1.0630272727272727,1.0632535353535353,1.0634797979797979,1.0637060606060607,1.0639323232323232,1.0641585858585858,1.0643848484848484,1.0646111111111112,1.0648373737373737,1.0650636363636363,1.065289898989899,1.0655161616161615,1.0657424242424243,1.0659686868686868,1.0661949494949494,1.066421212121212,1.0666474747474748,1.0668737373737374,1.0671
36.01108,CVD,1.0587,1.0485,1.0707,1.0485,1.0487060606060605,1.0489121212121213,1.0491181818181818,1.0493242424242424,1.049530303030303,1.0497363636363637,1.0499424242424242,1.0501484848484848,1.0503545454545455,1.050560606060606,1.0507666666666666,1.0509727272727272,1.051178787878788,1.0513848484848485,1.051590909090909,1.0517969696969698,1.0520030303030303,1.0522090909090909,1.0524151515151514,1.0526212121212122,1.0528272727272727,1.0530333333333333,1.053239393939394,1.0534454545454546,1.0536515151515151,1.0538575757575757,1.0540636363636364,1.054269696969697,1.0544757575757575,1.054681818181818,1.0548878787878788,1.0550939393939394,1.0553,1.0555060606060607,1.0557121212121212,1.0559181818181818,1.0561242424242423,1.056330303030303,1.0565363636363636,1.0567424242424241,1.056948484848485,1.0571545454545455,1.057360606060606,1.0575666666666665,1.0577727272727273,1.0579787878787879,1.0581848484848484,1.0583909090909092,1.0585969696969697,1.0588212121212122,1.0590636363636363,1.0593060606060605,1.0595484848484849,1.059790909090909,1.0600333333333334,1.0602757575757575,1.0605181818181817,1.060760606060606,1.0610030303030302,1.0612454545454546,1.0614878787878788,1.061730303030303,1.0619727272727273,1.0622151515151514,1.0624575757575758,1.0627,1.0629424242424241,1.0631848484848485,1.0634272727272727,1.063669696969697,1.0639121212121212,1.0641545454545454,1.0643969696969697,1.0646393939393939,1.0648818181818183,1.0651242424242424,1.0653666666666666,1.065609090909091,1.065851515151515,1.0660939393939395,1.0663363636363636,1.0665787878787878,1.0668212121212122,1.0670636363636363,1.0673060606060605,1.0675484848484849,1.067790909090909,1.0680333333333334,1.0682757575757575,1.0685181818181817,1.068760606060606,1.0690030303030302,1.0692454545454546,1.0694878787878788,1.069730303030303,1.0699727272727273,1.0702151515151515,1.0704575757575758,1.0707
38.5833,CVD,1.0617,1.0503,1.0748,1.0503,1.050530303030303,1.050760606060606,1.050990909090909,1.0512212121212121,1.0514515151515151,1.0516818181818182,1.0519121212121212,1.0521424242424242,1.0523727272727272,1.0526030303030303,1.0528333333333333,1.0530636363636363,1.0532939393939393,1.0535242424242424,1.0537545454545454,1.0539848484848484,1.0542151515151517,1.0544454545454547,1.0546757575757577,1.0549060606060607,1.0551363636363638,1.0553666666666668,1.0555969696969698,1.0558272727272728,1.0560575757575759,1.0562878787878789,1.056518181818182,1.056748484848485,1.056978787878788,1.057209090909091,1.057439393939394,1.057669696969697,1.0579,1.058130303030303,1.0583606060606061,1.0585909090909091,1.0588212121212122,1.0590515151515152,1.0592818181818182,1.0595121212121212,1.0597424242424243,1.0599727272727273,1.0602030303030303,1.0604333333333333,1.0606636363636364,1.0608939393939394,1.0611242424242424,1.0613545454545454,1.0615848484848485,1.0618323232323232,1.0620969696969698,1.0623616161616163,1.0626262626262628,1.062890909090909,1.0631555555555556,1.0634202020202022,1.0636848484848485,1.063949494949495,1.0642141414141415,1.064478787878788,1.0647434343434343,1.0650080808080808,1.0652727272727274,1.065537373737374,1.0658020202020202,1.0660666666666667,1.0663313131313132,1.0665959595959595,1.066860606060606,1.0671252525252526,1.067389898989899,1.0676545454545454,1.067919191919192,1.0681838383838385,1.068448484848485,1.0687131313131313,1.0689777777777778,1.0692424242424243,1.0695070707070706,1.0697717171717172,1.0700363636363637,1.0703010101010102,1.0705656565656565,1.070830303030303,1.0710949494949495,1.071359595959596,1.0716242424242424,1.071888888888889,1.0721535353535354,1.0724181818181817,1.0726828282828282,1.0729474747474748,1.0732121212121213,1.0734767676767676,1.073741414141414,1.0740060606060606,1.0742707070707072,1.0745353535353535,1.0748
41.15552,CVD,1.0647,1.0519,1.0797,1.0519,1.052158585858586,1.0524171717171718,1.0526757575757577,1.0529343434343434,1.0531929292929294,1.0534515151515151,1.053710101010101,1.0539686868686868,1.0542272727272728,1.0544858585858585,1.0547444444444445,1.0550030303030304,1.0552616161616162,1.0555202020202021,1.0557787878787879,1.0560373737373738,1.0562959595959596,1.0565545454545455,1.0568131313131313,1.0570717171717172,1.057330303030303,1.057588888888889,1.0578474747474749,1.0581060606060606,1.0583646464646466,1.0586232323232323,1.0588818181818183,1.059140404040404,1.05939898989899,1.0596575757575757,1.0599161616161616,1.0601747474747474,1.0604333333333333,1.0606919191919193,1.060950505050505,1.061209090909091,1.0614676767676767,1.0617262626262627,1.0619848484848484,1.0622434343434344,1.0625020202020201,1.062760606060606,1.0630191919191918,1.0632777777777778,1.0635363636363637,1.0637949494949495,1.0640535353535354,1.0643121212121212,1.0645707070707071,1.0648515151515152,1.0651545454545455,1.0654575757575757,1.065760606060606,1.0660636363636364,1.0663666666666667,1.066669696969697,1.0669727272727272,1.0672757575757577,1.067578787878788,1.0678818181818182,1.0681848484848484,1.0684878787878789,1.0687909090909091,1.0690939393939394,1.0693969696969696,1.0697,1.0700030303030303,1.0703060606060606,1.0706090909090908,1.0709121212121213,1.0712151515151516,1.0715181818181818,1.071821212121212,1.0721242424242425,1.0724272727272728,1.072730303030303,1.0730333333333333,1.0733363636363638,1.073639393939394,1.0739424242424243,1.0742454545454545,1.074548484848485,1.0748515151515152,1.0751545454545455,1.0754575757575757,1.0757606060606062,1.0760636363636364,1.0763666666666667,1.076669696969697,1.0769727272727274,1.0772757575757577,1.077578787878788,1.0778818181818182,1.0781848484848486,1.0784878787878789,1.0787909090909091,1.0790939393939394,1.0793969696969699,1.0797
43.727740000000004,CVD,1.0679,1.0536,1.085,1.0536,1.0538888888888889,1.0541777777777779,1.0544666666666667,1.0547555555555557,1.0550444444444445,1.0553333333333335,1.0556222222222222,1.0559111111111112,1.0562,1.056488888888889,1.0567777777777778,1.0570666666666668,1.0573555555555556,1.0576444444444446,1.0579333333333334,1.0582222222222224,1.0585111111111112,1.0588000000000002,1.059088888888889,1.0593777777777778,1.0596666666666668,1.0599555555555555,1.0602444444444445,1.0605333333333333,1.0608222222222223,1.0611111111111111,1.0614000000000001,1.061688888888889,1.061977777777778,1.0622666666666667,1.0625555555555557,1.0628444444444445,1.0631333333333335,1.0634222222222223,1.0637111111111113,1.064,1.064288888888889,1.0645777777777778,1.0648666666666669,1.0651555555555556,1.0654444444444444,1.0657333333333334,1.0660222222222222,1.0663111111111112,1.0666,1.066888888888889,1.0671777777777778,1.0674666666666668,1.0677555555555556,1.0680727272727273,1.068418181818182,1.0687636363636364,1.069109090909091,1.0694545454545454,1.0698,1.0701454545454545,1.0704909090909092,1.0708363636363636,1.0711818181818182,1.0715272727272729,1.0718727272727273,1.072218181818182,1.0725636363636364,1.072909090909091,1.0732545454545455,1.0736,1.0739454545454545,1.0742909090909092,1.0746363636363636,1.0749818181818183,1.0753272727272727,1.0756727272727273,1.0760181818181818,1.0763636363636364,1.0767090909090908,1.0770545454545455,1.0774,1.0777454545454546,1.078090909090909,1.0784363636363636,1.0787818181818183,1.0791272727272727,1.0794727272727274,1.0798181818181818,1.0801636363636364,1.0805090909090909,1.0808545454545455,1.0812,1.0815454545454546,1.081890909090909,1.0822363636363637,1.082581818181818,1.0829272727272727,1.0832727272727272,1.0836181818181818,1.0839636363636362,1.084309090909091,1.0846545454545453,1.085
46.29996,CVD,1.0714,1.0548,1.0908,1.0548,1.0551353535353536,1.055470707070707,1.0558060606060606,1.056141414141414,1.0564767676767677,1.056812121212121,1.0571474747474747,1.0574828282828281,1.0578181818181818,1.0581535353535354,1.0584888888888888,1.0588242424242424,1.0591595959595959,1.0594949494949495,1.059830303030303,1.0601656565656565,1.06050101010101,1.0608363636363636,1.0611717171717172,1.0615070707070706,1.0618424242424243,1.0621777777777777,1.0625131313131313,1.0628484848484847,1.0631838383838383,1.0635191919191918,1.0638545454545454,1.064189898989899,1.0645252525252524,1.064860606060606,1.0651959595959595,1.065531313131313,1.0658666666666665,1.0662020202020202,1.0665373737373736,1.0668727272727272,1.0672080808080808,1.0675434343434342,1.0678787878787879,1.0682141414141413,1.068549494949495,1.0688848484848483,1.069220202020202,1.0695555555555554,1.069890909090909,1.0702262626262626,1.070561616161616,1.0708969696969697,1.071232323232323,1.0715959595959594,1.0719878787878787,1.072379797979798,1.072771717171717,1.0731636363636363,1.0735555555555554,1.0739474747474747,1.074339393939394,1.074731313131313,1.0751232323232323,1.0755151515151515,1.0759070707070706,1.0762989898989899,1.076690909090909,1.0770828282828282,1.0774747474747475,1.0778666666666665,1.0782585858585858,1.078650505050505,1.0790424242424241,1.0794343434343434,1.0798262626262625,1.0802181818181817,1.080610101010101,1.08100202020202,1.0813939393939394,1.0817858585858586,1.0821777777777777,1.082569696969697,1.082961616161616,1.0833535353535353,1.0837454545454546,1.0841373737373736,1.084529292929293,1.0849212121212122,1.0853131313131312,1.0857050505050505,1.0860969696969696,1.0864888888888888,1.0868808080808081,1.0872727272727272,1.0876646464646464,1.0880565656565657,1.0884484848484848,1.088840404040404,1.089232323232323,1.0896242424242424,1.0900161616161617,1.0904080808080807,1.0908
48.87218,CVD,1.0755,1.0555,1.099,1.0555,1.0559040404040405,1.056308080808081,1.0567121212121213,1.0571161616161617,1.0575202020202021,1.0579242424242425,1.058328282828283,1.0587323232323234,1.0591363636363638,1.0595404040404042,1.0599444444444446,1.060348484848485,1.0607525252525254,1.0611565656565658,1.0615606060606062,1.0619646464646466,1.0623686868686868,1.0627727272727272,1.0631767676767676,1.063580808080808,1.0639848484848484,1.0643888888888888,1.0647929292929292,1.0651969696969696,1.06560101010101,1.0660050505050505,1.0664090909090909,1.0668131313131313,1.0672171717171717,1.067621212121212,1.0680252525252525,1.068429292929293,1.0688333333333333,1.0692373737373737,1.0696414141414141,1.0700454545454545,1.070449494949495,1.0708535353535353,1.0712575757575757,1.0716616161616161,1.0720656565656566,1.072469696969697,1.0728737373737374,1.0732777777777778,1.0736818181818182,1.0740858585858586,1.074489898989899,1.0748939393939394,1.0752979797979798,1.0757373737373737,1.0762121212121212,1.0766868686868687,1.077161616161616,1.0776363636363635,1.078111111111111,1.0785858585858585,1.079060606060606,1.0795353535353533,1.0800101010101009,1.0804848484848484,1.080959595959596,1.0814343434343434,1.081909090909091,1.0823838383838382,1.0828585858585857,1.0833333333333333,1.0838080808080808,1.0842828282828283,1.0847575757575756,1.085232323232323,1.0857070707070706,1.0861818181818181,1.0866565656565657,1.0871313131313132,1.0876060606060605,1.088080808080808,1.0885555555555555,1.089030303030303,1.0895050505050505,1.0899797979797978,1.0904545454545453,1.0909292929292929,1.0914040404040404,1.091878787878788,1.0923535353535354,1.0928282828282827,1.0933030303030302,1.0937777777777777,1.0942525252525253,1.0947272727272728,1.09520202020202,1.0956767676767676,1.096151515151515,1.0966262626262626,1.0971010101010101,1.0975757575757576,1.098050505050505,1.0985252525252525,1.099
51.4444,CVD,1.0799,1.0563,1.1059,1.0563,1.0567767676767676,1.0572535353535353,1.0577303030303031,1.0582070707070708,1.0586838383838384,1.059160606060606,1.0596373737373737,1.0601141414141415,1.0605909090909091,1.0610676767676768,1.0615444444444444,1.0620212121212123,1.0624979797979799,1.0629747474747475,1.0634515151515151,1.0639282828282828,1.0644050505050506,1.0648818181818183,1.065358585858586,1.0658353535353535,1.0663121212121212,1.066788888888889,1.0672656565656566,1.0677424242424243,1.068219191919192,1.0686959595959598,1.0691727272727274,1.069649494949495,1.0701262626262626,1.0706030303030303,1.0710797979797981,1.0715565656565658,1.0720333333333334,1.072510101010101,1.0729868686868687,1.0734636363636365,1.0739404040404041,1.0744171717171718,1.0748939393939394,1.075370707070707,1.0758474747474749,1.0763242424242425,1.0768010101010101,1.0772777777777778,1.0777545454545456,1.0782313131313133,1.078708080808081,1.0791848484848485,1.0796616161616162,1.0801626262626263,1.0806878787878789,1.0812131313131315,1.0817383838383838,1.0822636363636364,1.082788888888889,1.0833141414141414,1.083839393939394,1.0843646464646466,1.0848898989898992,1.0854151515151516,1.0859404040404042,1.0864656565656567,1.0869909090909091,1.0875161616161617,1.0880414141414143,1.0885666666666667,1.0890919191919193,1.0896171717171719,1.0901424242424242,1.0906676767676768,1.0911929292929294,1.0917181818181818,1.0922434343434344,1.092768686868687,1.0932939393939396,1.093819191919192,1.0943444444444446,1.0948696969696972,1.0953949494949495,1.0959202020202021,1.0964454545454547,1.096970707070707,1.0974959595959597,1.0980212121212123,1.0985464646464647,1.0990717171717173,1.0995969696969699,1.1001222222222222,1.1006474747474748,1.1011727272727274,1.1016979797979798,1.1022232323232324,1.102748484848485,1.1032737373737376,1.10379898989899,1.1043242424242425,1.1048494949494951,1.1053747474747475,1.1059
54.01662,CVD,1.0842,1.0569,1.1146,1.0569,1.0574515151515151,1.0580030303030303,1.0585545454545453,1.0591060606060605,1.0596575757575757,1.0602090909090909,1.060760606060606,1.0613121212121213,1.0618636363636362,1.0624151515151514,1.0629666666666666,1.0635181818181818,1.064069696969697,1.0646212121212122,1.0651727272727272,1.0657242424242424,1.0662757575757575,1.0668272727272727,1.067378787878788,1.0679303030303031,1.068481818181818,1.0690333333333333,1.0695848484848485,1.0701363636363637,1.0706878787878789,1.071239393939394,1.071790909090909,1.0723424242424242,1.0728939393939394,1.0734454545454546,1.0739969696969698,1.074548484848485,1.0751,1.0756515151515151,1.0762030303030303,1.0767545454545455,1.0773060606060607,1.0778575757575757,1.0784090909090909,1.078960606060606,1.0795121212121213,1.0800636363636364,1.0806151515151516,1.0811666666666666,1.0817181818181818,1.082269696969697,1.0828212121212122,1.0833727272727274,1.0839242424242426,1.0845070707070708,1.0851212121212122,1.0857353535353536,1.086349494949495,1.0869636363636364,1.0875777777777778,1.0881919191919192,1.0888060606060606,1.0894202020202022,1.0900343434343436,1.090648484848485,1.0912626262626264,1.0918767676767678,1.0924909090909092,1.0931050505050506,1.093719191919192,1.0943333333333334,1.0949474747474748,1.0955616161616162,1.0961757575757576,1.096789898989899,1.0974040404040404,1.0980181818181818,1.0986323232323232,1.0992464646464646,1.0998606060606062,1.1004747474747476,1.101088888888889,1.1017030303030304,1.1023171717171718,1.1029313131313132,1.1035454545454546,1.104159595959596,1.1047737373737374,1.1053878787878788,1.1060020202020202,1.1066161616161616,1.107230303030303,1.1078444444444444,1.1084585858585858,1.1090727272727272,1.1096868686868686,1.1103010101010102,1.1109151515151516,1.111529292929293,1.1121434343434344,1.1127575757575758,1.1133717171717172,1.1139858585858586,1.1146
56.588840000000005,CVD,1.0889,1.0569,1.1232,1.0569,1.0575464646464645,1.0581929292929293,1.0588393939393939,1.0594858585858586,1.0601323232323232,1.0607787878787878,1.0614252525252525,1.0620717171717171,1.0627181818181817,1.0633646464646465,1.064011111111111,1.0646575757575758,1.0653040404040404,1.065950505050505,1.0665969696969697,1.0672434343434343,1.067889898989899,1.0685363636363636,1.0691828282828282,1.069829292929293,1.0704757575757575,1.071122222222222,1.0717686868686869,1.0724151515151514,1.0730616161616162,1.0737080808080808,1.0743545454545453,1.0750010101010101,1.0756474747474747,1.0762939393939392,1.076940404040404,1.0775868686868686,1.0782333333333334,1.078879797979798,1.0795262626262625,1.0801727272727273,1.0808191919191918,1.0814656565656566,1.0821121212121212,1.0827585858585858,1.0834050505050505,1.084051515151515,1.0846979797979799,1.0853444444444444,1.085990909090909,1.0866373737373738,1.0872838383838384,1.087930303030303,1.0885767676767677,1.0892464646464646,1.089939393939394,1.0906323232323232,1.0913252525252526,1.0920181818181818,1.0927111111111112,1.0934040404040404,1.0940969696969696,1.094789898989899,1.0954828282828282,1.0961757575757576,1.0968686868686868,1.0975616161616162,1.0982545454545454,1.0989474747474748,1.099640404040404,1.1003333333333334,1.1010262626262626,1.101719191919192,1.1024121212121212,1.1031050505050504,1.1037979797979798,1.104490909090909,1.1051838383838384,1.1058767676767676,1.106569696969697,1.1072626262626262,1.1079555555555556,1.1086484848484848,1.1093414141414142,1.1100343434343434,1.1107272727272728,1.111420202020202,1.1121131313131314,1.1128060606060606,1.1134989898989898,1.1141919191919192,1.1148848484848484,1.1155777777777778,1.116270707070707,1.1169636363636364,1.1176565656565656,1.118349494949495,1.1190424242424242,1.1197353535353536,1.1204282828282828,1.1211212121212122,1.1218141414141414,1.1225070707070708,1.1232
59.16106,CVD,1.0933,1.0571,1.1314,1.0571,1.057831313131313,1.0585626262626262,1.0592939393939393,1.0600252525252525,1.0607565656565656,1.0614878787878788,1.062219191919192,1.062950505050505,1.0636818181818182,1.0644131313131313,1.0651444444444444,1.0658757575757576,1.0666070707070707,1.0673383838383839,1.068069696969697,1.0688010101010101,1.069532323232323,1.0702636363636362,1.0709949494949493,1.0717262626262625,1.0724575757575756,1.0731888888888887,1.0739202020202019,1.074651515151515,1.0753828282828282,1.0761141414141413,1.0768454545454544,1.0775767676767676,1.0783080808080807,1.0790393939393939,1.079770707070707,1.0805020202020201,1.0812333333333333,1.0819646464646464,1.0826959595959595,1.0834272727272727,1.0841585858585858,1.084889898989899,1.085621212121212,1.0863525252525252,1.0870838383838384,1.0878151515151515,1.0885464646464647,1.0892777777777778,1.090009090909091,1.090740404040404,1.0914717171717172,1.0922030303030303,1.0929343434343435,1.0936848484848485,1.0944545454545453,1.0952242424242424,1.0959939393939393,1.0967636363636364,1.0975333333333332,1.0983030303030303,1.0990727272727272,1.0998424242424243,1.1006121212121212,1.101381818181818,1.102151515151515,1.102921212121212,1.103690909090909,1.104460606060606,1.105230303030303,1.1059999999999999,1.106769696969697,1.1075393939393938,1.108309090909091,1.1090787878787878,1.1098484848484849,1.1106181818181817,1.1113878787878788,1.1121575757575757,1.1129272727272728,1.1136969696969696,1.1144666666666667,1.1152363636363636,1.1160060606060604,1.1167757575757575,1.1175454545454544,1.1183151515151515,1.1190848484848483,1.1198545454545454,1.1206242424242423,1.1213939393939394,1.1221636363636363,1.1229333333333333,1.1237030303030302,1.1244727272727273,1.1252424242424242,1.1260121212121212,1.126781818181818,1.1275515151515152,1.128321212121212,1.1290909090909091,1.129860606060606,1.130630303030303,1.1314
61.73328,CVD,1.0973,1.0574,1.1416,1.0574,1.0582060606060606,1.059012121212121,1.0598181818181818,1.0606242424242422,1.061430303030303,1.0622363636363636,1.0630424242424241,1.0638484848484848,1.0646545454545453,1.065460606060606,1.0662666666666665,1.0670727272727272,1.0678787878787879,1.0686848484848483,1.069490909090909,1.0702969696969695,1.0711030303030302,1.071909090909091,1.0727151515151514,1.073521212121212,1.0743272727272726,1.0751333333333333,1.0759393939393938,1.0767454545454545,1.0775515151515151,1.0783575757575756,1.0791636363636363,1.0799696969696968,1.0807757575757575,1.0815818181818182,1.0823878787878787,1.0831939393939394,1.0839999999999999,1.0848060606060606,1.085612121212121,1.0864181818181817,1.0872242424242424,1.088030303030303,1.0888363636363636,1.089642424242424,1.0904484848484848,1.0912545454545455,1.092060606060606,1.0928666666666667,1.0936727272727271,1.0944787878787878,1.0952848484848485,1.096090909090909,1.0968969696969697,1.0977474747474747,1.0986424242424242,1.0995373737373737,1.1004323232323232,1.1013272727272727,1.1022222222222222,1.1031171717171717,1.1040121212121212,1.1049070707070707,1.1058020202020202,1.1066969696969697,1.1075919191919192,1.1084868686868687,1.109381818181818,1.1102767676767675,1.111171717171717,1.1120666666666665,1.112961616161616,1.1138565656565655,1.114751515151515,1.1156464646464646,1.116541414141414,1.1174363636363636,1.118331313131313,1.1192262626262626,1.120121212121212,1.1210161616161616,1.121911111111111,1.1228060606060606,1.12370101010101,1.1245959595959596,1.125490909090909,1.1263858585858586,1.127280808080808,1.1281757575757576,1.1290707070707071,1.1299656565656566,1.130860606060606,1.1317555555555554,1.132650505050505,1.1335454545454544,1.134440404040404,1.1353353535353534,1.136230303030303,1.1371252525252524,1.138020202020202,1.1389151515151514,1.139810101010101,1.1407050505050504,1.1416
64.3055,CVD,1.101,1.0574,1.1486,1.0574,1.058280808080808,1.059161616161616,1.0600424242424242,1.0609232323232323,1.0618040404040403,1.0626848484848483,1.0635656565656564,1.0644464646464646,1.0653272727272727,1.0662080808080807,1.0670888888888888,1.0679696969696968,1.068850505050505,1.069731313131313,1.0706121212121211,1.0714929292929292,1.0723737373737372,1.0732545454545455,1.0741353535353535,1.0750161616161615,1.0758969696969696,1.0767777777777776,1.0776585858585859,1.078539393939394,1.079420202020202,1.08030101010101,1.081181818181818,1.0820626262626263,1.0829434343434343,1.0838242424242424,1.0847050505050504,1.0855858585858584,1.0864666666666667,1.0873474747474747,1.0882282828282828,1.0891090909090908,1.0899898989898988,1.090870707070707,1.0917515151515151,1.0926323232323232,1.0935131313131312,1.0943939393939393,1.0952747474747475,1.0961555555555555,1.0970363636363636,1.0979171717171716,1.0987979797979797,1.099678787878788,1.100559595959596,1.101480808080808,1.1024424242424242,1.1034040404040404,1.1043656565656566,1.1053272727272727,1.1062888888888889,1.107250505050505,1.1082121212121212,1.1091737373737374,1.1101353535353535,1.1110969696969697,1.1120585858585859,1.113020202020202,1.1139818181818182,1.1149434343434343,1.1159050505050505,1.1168666666666667,1.1178282828282828,1.118789898989899,1.1197515151515152,1.1207131313131313,1.1216747474747475,1.1226363636363637,1.1235979797979798,1.124559595959596,1.1255212121212121,1.1264828282828283,1.1274444444444445,1.1284060606060606,1.1293676767676768,1.130329292929293,1.1312909090909091,1.1322525252525253,1.1332141414141415,1.1341757575757576,1.1351373737373738,1.13609898989899,1.137060606060606,1.1380222222222223,1.1389838383838384,1.1399454545454546,1.1409070707070708,1.141868686868687,1.142830303030303,1.1437919191919192,1.1447535353535354,1.1457151515151516,1.1466767676767677,1.147638383838384,1.1486
